t_min,t_max
52365.5093939,52365.5226009
52365.5487458,52365.5508412
52365.5888617,52365.6009686
52365.6418476,52365.6559227
52371.2565469,52371.2696957
52371.3369517,52371.3390472
52371.3985954,52371.4105868
52371.4673454,52371.4812468
52373.0275999,52373.0408068
52373.081535,52373.0836305
52373.1520791,52373.1641864
52373.2900998,52373.3041749
52389.0766625,52389.0847764
52389.088468,52389.096582
52389.1310258,52389.1391384
52398.3929706,52398.3990013
52402.1427162,52402.1508302
52402.1546721,52402.1627861
52402.1670566,52402.1751705
52402.9293132,52402.9374276
52402.9389892,52402.9471031
52402.9823782,52402.9904908
52410.3534569,52410.3594862
52428.8781332,52428.8862472
52428.9351469,52428.9432613
52428.9507025,52428.9588165
52441.002844,52441.0161665
52441.0691866,52441.0830876
52441.1359558,52441.1498572
52441.202728,52441.2166294
52459.9234692,52459.9315832
52459.9401011,52459.9482154
52459.9531799,52459.9612939
52460.0870574,52460.0943639
52462.9217333,52462.9234813
52466.6519414,52466.6652639
52466.7162703,52466.7301713
52466.89796,52466.9039906
52467.3014555,52467.314778
52467.3682029,52467.3821043
52475.1742218,52475.1889939
52475.240657,52475.2556028
52475.4597311,52475.4626395
52475.472127,52475.4721428
52479.5313977,52479.5321069
52479.5344303,52479.5351395
52479.5374625,52479.5381717
52479.5404952,52479.5412043
52479.5435274,52479.5442365
52479.5452751,52479.5459843
52479.5495922,52479.5503013
52479.55134,52479.5520491
52479.5556803,52479.5563895
52479.5587359,52479.559445
52479.5976596,52479.6017251
52486.53781,52486.5447665
52486.5486433,52486.5555999
52486.5618377,52486.5687943
52487.4924048,52487.4993613
52487.5394303,52487.5463869
52487.5519418,52487.5588984
52494.4202522,52494.4253684
52494.4271618,52494.4341184
52494.437914,52494.4448706
52497.5189326,52497.5236321
52497.5589325,52497.5658891
52497.5676825,52497.5746391
52498.6265485,52498.633505
52498.6435159,52498.6504725
52498.6532381,52498.6601947
52499.3522311,52499.3582851
52499.3608655,52499.3678221
52499.3696155,52499.3765721
52502.7775904,52502.784547
52502.8236204,52502.830577
52502.8323704,52502.8393273
52503.8987826,52503.9057392
52503.9585163,52503.9654729
52503.9670349,52503.9739914
52504.7979378,52504.8083666
52504.81016,52504.8177185
52504.8644423,52504.8734808
52508.8727526,52508.8797092
52508.9395,52508.946457
52508.9480185,52508.9549755
52509.2409123,52509.2478688
52509.2520234,52509.2589799
52509.2981111,52509.3050681
52509.4413855,52509.4483422
52509.4524966,52509.4594533
52509.498586,52509.5055425
52518.2703797,52518.2775707
52518.6816415,52518.6885981
52518.69016,52518.6971166
52518.6986785,52518.7056351
52519.3761204,52519.3832392
52519.3855534,52519.3934129
52519.3966297,52519.4058781
52523.749373,52523.7563296
52523.7615952,52523.7685518
52523.820426,52523.8308551
52524.5997897,52524.6060055
52524.6075674,52524.614524
52524.616086,52524.6230425
52532.3712252,52532.3781818
52532.4110724,52532.4180276
52532.419592,52532.4265472
52532.7334937,52532.7408003
52536.0732504,52536.080207
52536.0817689,52536.0887255
52536.0902875,52536.097244
52539.2452993,52539.2522559
52539.2540493,52539.2589918
52539.2697089,52539.2766655
52539.9526256,52539.9612488
52539.9628108,52539.9732396
52539.9748015,52539.9852303
52541.3673245,52541.372027
52543.2886208,52543.2939226
52546.8042575,52546.8146866
52546.8164797,52546.8234363
52546.8249982,52546.8330081
52571.048876,52571.0541774
52579.3430542,52579.3502448
52580.7943968,52580.8004274
52602.1554157,52602.1643401
52602.1675802,52602.1768516
52608.9660294,52608.9664837
52609.7753583,52609.7768082
52621.9085065,52621.9154631
52621.9193398,52621.9262964
52621.9644439,52621.9714005
52622.962245,52622.9694331
52623.0327772,52623.0399653
52624.4080087,52624.4149653
52624.4230784,52624.4300349
52624.4315969,52624.4385534
52625.2755087,52625.2824653
52625.2905784,52625.2975349
52625.2990969,52625.3060534
52625.4756939,52625.4826505
52625.4907635,52625.4977201
52625.499282,52625.5062386
52626.2096987,52626.2166553
52626.224768,52626.2317246
52626.2332865,52626.2402431
52630.868275,52630.8687294
52633.8023258,52633.8066783
52640.9405669,52640.9458686
52645.1741087,52645.1814153
52646.6755206,52646.6815516
52647.8719443,52647.8726508
52648.0161109,52648.0161268
52648.6347335,52648.6405327
52649.2403702,52649.2410794
52649.8573843,52649.8643408
52649.8659028,52649.8728594
52649.8744213,52649.8813779
52650.0152083,52650.0195605
52652.8091087,52652.8105586
52658.8914813,52658.8958338
52659.8257058,52659.8300583
52659.8922917,52659.8966438
52659.9550346,52659.9593868
52660.693148,52660.6975005
52660.7599998,52660.7643523
52660.8255206,52660.8298731
52660.8929398,52660.8972909
52661.8274421,52661.8317942
52661.8882521,52661.8926046
52664.8244561,52664.825906
52664.889711,52664.8940635
52670.6335421,52670.6378942
52670.6941669,52670.6985194
52670.7667828,52670.7711349
52670.8329169,52670.8372694
52670.8997109,52670.904062
52671.3623498,52671.3637985
52671.8280558,52671.8324083
52671.9005791,52671.9049312
52672.5631021,52672.564552
52672.8860187,52672.8864731
52675.2313543,52675.2328042
52675.4981702,52675.4996201
52679.7724654,52679.7768179
52679.9582524,52679.9635542
52681.397535,52681.4044916
52681.4060535,52681.4130101
52681.4145721,52681.4214475
52682.6413313,52682.6456834
52683.5692595,52683.5752901
52688.8987272,52688.9068412
52688.9084032,52688.9165171
52688.9180791,52688.9261931
52689.097431,52689.1055449
52689.1071069,52689.1152208
52689.1167828,52689.1248968
52689.5433888,52689.5492471
52689.5556717,52689.5626283
52689.5641902,52689.5711468
52694.2246876,52694.2303249
52694.2621413,52694.2690983
52694.2706598,52694.2776164
52694.9822339,52694.9865864
52695.5816321,52695.5859846
52695.648808,52695.6531605
52696.7583798,52696.7653364
52696.7668983,52696.7738549
52696.7754169,52696.7823734
52696.7839354,52696.790892
52700.1871647,52700.1943553
52703.9215863,52703.9259388
52704.3730796,52704.373534
52706.6061696,52706.6061855
52712.6300241,52712.6369807
52712.6385426,52712.6454992
52712.6470611,52712.6540177
52712.6878596,52712.6948162
52714.2398041,52714.2471107
52716.54926,52716.5562166
52716.5650704,52716.5720269
52716.6156604,52716.6226173
52717.7334615,52717.737814
52717.8008918,52717.8052443
52718.7340748,52718.7384273
52718.8014474,52718.8057999
52719.8019222,52719.8062743
52721.0843411,52721.0912977
52721.0928596,52721.0998162
52721.1013782,52721.1083347
52721.7359037,52721.7402558
52734.7425126,52734.7468651
52736.3759619,52736.3829184
52736.3856841,52736.3926407
52736.3942026,52736.4011592
52739.4668415,52739.4707655
52740.7295615,52740.7355921
52741.5894341,52741.5894807
52741.6098393,52741.6167959
52745.1929429,52745.1989736
52746.4821792,52746.4865314
52746.5496907,52746.5501451
52747.4069244,52747.413881
52747.4716087,52747.478564
52747.4801293,52747.4870845
52747.5382322,52747.5451888
52748.1313111,52748.1370525
52748.1805589,52748.1875154
52748.1891581,52748.1961147
52749.2624452,52749.2684758
52751.3301189,52751.3361495
52753.3308596,52753.3368903
52757.8209061,52757.8252586
52761.1921446,52761.1981753
52768.2472258,52768.2472416
52768.8203506,52768.8263812
52770.8859061,52770.8917053
52770.8932672,52770.9060112
52772.2797487,52772.2867053
52772.2882672,52772.2952238
52772.346161,52772.3522712
52772.4798646,52772.4868212
52772.4883832,52772.4953397
52772.4969017,52772.5038583
52772.8985221,52772.9054786
52772.9107443,52772.9177008
52772.9192628,52772.9234646
52774.1559061,52774.1628627
52774.1644247,52774.1713812
52774.1729432,52774.1793675
52774.2137998,52774.2207564
52774.3643206,52774.3686727
52774.9781632,52774.9853538
52775.1477002,52775.1555016
52775.1570635,52775.1674927
52775.1690543,52775.1790201
52777.214008,52777.2209646
52777.2225265,52777.2294831
52777.231045,52777.2380016
52777.3651306,52777.3694831
52777.4238461,52777.4298768
52779.6263001,52779.6306523
52784.0934642,52784.1004211
52784.1019827,52784.1080252
52784.1436957,52784.1506526
52787.2659875,52787.2710793
52787.2726415,52787.2795978
52787.2811612,52787.2881164
52789.946902,52789.9502011
52789.9517631,52789.9564045
52794.8091705,52794.8147034
52794.8162653,52794.8232219
52794.8247838,52794.8317404
52796.5727931,52796.5771452
52796.6396797,52796.6440319
52798.6410105,52798.645363
52800.9009632,52800.9053156
52801.3682327,52801.3725852
52801.440976,52801.4453282
52801.5070638,52801.5114163
52802.574726,52802.5790782
52802.6352697,52802.6396222
52802.7021101,52802.7064626
52802.7744135,52802.778766
52803.4408372,52803.4451893
52803.7077235,52803.712076
52803.7742512,52803.7786037
52804.8354783,52804.8398304
52805.4352816,52805.4396337
52806.7752235,52806.7795745
52807.7766123,52807.7809648
52809.310212,52809.3145645
52809.3756057,52809.3799578
52809.6572838,52809.6646248
52809.7090431,52809.7094048
52809.7112653,52809.7119745
52809.7231057,52809.7278656
52811.3113694,52811.3157219
52811.3770872,52811.3814393
52813.3495643,52813.354345
52813.3559069,52813.3628635
52813.3644254,52813.371382
52813.3729439,52813.3799005
52813.5116115,52813.5159638
52814.3730828,52814.3774353
52817.4356406,52817.4365235
52817.4370991,52817.437982
52817.4385573,52817.4394402
52817.4400158,52817.4408983
52817.4414739,52817.4423568
52817.5023073,52817.5031901
52817.5037658,52817.5046483
52817.5052239,52817.5061068
52817.5066825,52817.5075653
52817.5081406,52817.5090235
52818.607585,52818.6076009
52821.1027702,52821.1036531
52821.1042288,52821.1051113
52821.1056869,52821.1065698
52821.1071454,52821.1080279
52821.1086036,52821.1094864
52823.3782565,52823.3842872
52824.4959765,52824.5020072
52826.5066362,52826.5161739
52827.4537773,52827.4581283
52827.5215665,52827.525919
52828.4385228,52828.4394053
52828.439981,52828.4408639
52828.4414395,52828.442322
52828.4428976,52828.4437805
52828.4443562,52828.4452387
52829.3874462,52829.3917987
52829.4538699,52829.4582224
52829.5221221,52829.5264746
52831.3216477,52831.3260002
52831.387585,52831.3919375
52831.4486962,52831.4530487
52832.4546221,52832.4589746
52832.5232102,52832.5275624
52832.7322265,52832.7324146
52833.3215551,52833.3259076
52833.3823536,52833.3867061
52833.4544254,52833.4587779
52833.5236617,52833.5280139
52833.8550506,52833.8594027
52834.1828628,52834.1872153
52834.255421,52834.2597731
52834.3217273,52834.3260798
52834.3831177,52834.3874702
52834.4486617,52834.4530138
52835.1221917,52835.1265442
52835.189298,52835.1936505
52835.2489858,52835.2533379
52835.3216362,52835.3259887
52835.3888932,52835.3932453
52835.4496917,52835.4540442
52835.538488,52835.5425509
52836.2501881,52836.2545405
52837.1893791,52837.1937316
52837.2558377,52837.2601898
52837.6798884,52837.6839513
52838.3898191,52838.3941713
52838.4505713,52838.4549235
52838.5398654,52838.5439271
52839.2506869,52839.2550394
52839.3177588,52839.3221113
52839.384495,52839.3888472
52848.6338936,52848.6408502
52848.6424121,52848.6493687
52848.6509306,52848.6578872
52850.2605255,52850.2648776
52855.1759421,52855.1835957
52856.2358008,52856.242756
52856.2443202,52856.2489735
52856.2562314,52856.263188
52856.5437892,52856.543805
52857.2359651,52857.242922
52857.2444836,52857.2491372
52857.2563936,52857.2633502
52859.4031295,52859.4100861
52859.4116481,52859.4186046
52859.4201666,52859.4271231
52860.4034884,52860.410445
52860.4120069,52860.4189635
52860.4205255,52860.427482
52861.563361,52861.5703176
52861.5718795,52861.5788361
52861.580398,52861.5873546
52861.5889166,52861.5958731
52861.5974351,52861.6043917
52864.1979906,52864.2049472
52864.2065092,52864.2134657
52864.2150277,52864.2209065
52869.3920766,52869.3969383
52871.6007775,52871.6077383
52874.005711,52874.0126676
52874.0142295,52874.0211861
52874.0324818,52874.0394383
52874.1362432,52874.1431998
52874.1447618,52874.1517183
52874.1647736,52874.1717302
52874.2401206,52874.2470772
52874.2486392,52874.2540795
52874.2610466,52874.2680031
52875.0021577,52875.0023461
52875.0106877,52875.0124387
52875.2124355,52875.219392
52875.2255373,52875.2324939
52875.2365095,52875.2434661
52875.2591255,52875.266082
52875.267644,52875.2746006
52875.7330488,52875.7402398
52875.9535466,52875.9605032
52875.9620651,52875.9690217
52875.9705836,52875.9750287
52876.8841136,52876.884302
52877.0587781,52877.0657346
52877.0672966,52877.0742532
52877.0758151,52877.0827717
52877.2701092,52877.2702972
52877.2786379,52877.2803887
52878.1475977,52878.1545543
52878.1561162,52878.1630728
52878.1646347,52878.1715913
52878.1731532,52878.1801098
52878.1816718,52878.1886283
52878.1901903,52878.1971468
52878.7522851,52878.7524732
52878.8079795,52878.8097302
52881.1532921,52881.153308
52884.1871925,52884.1941491
52884.195711,52884.2026676
52884.2042295,52884.2110009
52884.2522155,52884.259172
52884.4776207,52884.4778091
52884.4941718,52884.4959224
52885.045931,52885.0528876
52885.0544495,52885.0614061
52885.0629681,52885.0699246
52885.0746114,52885.081568
52894.4964984,52894.4982491
52897.2116025,52897.2185621
52902.6911047,52902.6911206
52903.1834414,52903.1910954
52920.1852484,52920.192205
52920.1979451,52920.2049017
52920.2064636,52920.2134202
52920.2149821,52920.2219387
52920.2235007,52920.2304572
52920.2320192,52920.2389757
52926.9643808,52926.9713373
52926.9728993,52926.9771592
52926.9882349,52926.9951914
52927.0719734,52927.0774599
52927.093073,52927.1000296
52927.1015915,52927.1085481
52927.1782697,52927.1852262
52927.1867882,52927.1937448
52927.1953067,52927.2032933
52927.8283856,52927.8327959
52928.0697282,52928.0766848
52928.0782467,52928.0840098
52928.0961978,52928.1031544
52928.7146237,52928.720504
52928.8674597,52928.8744162
52928.8759782,52928.8818003
52928.8939874,52928.900944
52928.9987326,52929.0056892
52929.0072511,52929.0142077
52929.0265104,52929.033467
52929.1105497,52929.1200066
52929.1231193,52929.1306662
52929.1322282,52929.142657
52929.7863252,52929.7922055
52929.9395545,52929.9454348
52930.1149363,52930.1208166
52930.5191726,52930.5250525
52930.85511,52930.8609888
52930.9818345,52930.9877148
52931.0485245,52931.0544044
52931.1819041,52931.187784
52944.07739,52944.0845807
52948.0862441,52948.0920436
52956.8874715,52956.8932707
52960.489173,52960.4961322
52960.9428534,52960.9498099
52960.9513719,52960.9576803
52960.9923996,52960.9993548
52961.0929574,52961.0931459
52961.1018697,52961.1036192
52964.0141034,52964.0184559
52971.9703534,52971.9773099
52971.9788719,52971.986604
52971.988166,52971.9985948
52972.03099,52972.0379466
52972.0395085,52972.0485022
52972.0500641,52972.0604929
52972.2898789,52972.2968381
52972.6491497,52972.6561062
52972.6576682,52972.6646248
52972.7024252,52972.7093818
52972.81371,52972.8141644
52972.8160478,52972.8165022
52976.6460252,52976.6460407
52982.7831062,52982.7900636
52982.7919741,52982.7989293
52982.8014071,52982.8083636
52988.8042541,52988.8112107
52988.8127726,52988.8197292
52988.8212911,52988.8282481
52988.8621826,52988.8691392
52992.5983515,52992.6053081
52992.6650297,52992.6719862
52992.6735482,52992.6805048
52992.8651108,52992.8720673
52992.9317889,52992.9387455
52992.9403074,52992.947264
52995.9969974,52996.0030281
52999.0228189,52999.0271714
53001.8818004,53001.8861529
53001.9552726,53001.9596251
53004.3382589,53004.3385048
53010.8546713,53010.8607034
53012.1231553,53012.130809
53012.854359,53012.8603897
53017.7398913,53017.7468478
53017.7848683,53017.7918249
53017.8005509,53017.8075075
53018.8171135,53018.8231441
53023.9767202,53023.980783
53025.9260024,53025.9304127
53026.1355279,53026.1415586
53027.2429005,53027.2469634
53027.9094053,53027.9134682
53029.7107016,53029.715343
53031.7537687,53031.7607253
53031.7622872,53031.7692438
53031.7708057,53031.7777623
53032.6596713,53032.6657019
53037.8583872,53037.8644175
53042.9554242,53042.9558786
53042.957762,53042.9582164
53043.7511416,53043.7580982
53043.7596602,53043.7666167
53043.7681787,53043.7760267
53045.5345909,53045.5415475
53045.5431094,53045.550066
53045.5516279,53045.5585845
53046.4849031,53046.4918597
53046.534232,53046.5411886
53046.5427505,53046.5497071
53046.6008987,53046.6078553
53046.6094172,53046.6163738
53046.8075768,53046.8145334
53046.8169057,53046.8238623
53046.8654472,53046.8724038
53046.875725,53046.8826815
53047.4847876,53047.4917442
53047.5341161,53047.541073
53047.5426346,53047.5495912
53047.6007828,53047.6077397
53047.6093013,53047.6162579
53048.4846372,53048.4915938
53048.5339657,53048.5409223
53048.5424842,53048.5494408
53048.6006209,53048.6075775
53048.6091394,53048.616096
53050.6456902,53050.6457048
53055.9030976,53055.9102869
53056.5392668,53056.5462234
53056.5951809,53056.6021361
53056.6036994,53056.610656
53056.6627968,53056.6697534
53057.7294402,53057.7354708
53067.4551928,53067.4612234
53068.7399962,53068.7457954
53068.9228088,53068.928608
53069.1257951,53069.1315943
53069.8105518,53069.8163509
53069.8924618,53069.8982609
53070.1069407,53070.1127398
53077.7743829,53077.7813395
53077.7940473,53077.8010039
53077.8071722,53077.8141291
53079.393434,53079.3994646
53083.1218136,53083.1290621
53083.8533992,53083.8603558
53083.8663158,53083.8706913
53083.877427,53083.8843835
53089.9383181,53089.9452747
53089.947184,53089.9541406
53089.9557025,53089.9626591
53091.5228092,53091.5297657
53091.5313277,53091.5382842
53091.5410151,53091.5479716
53091.6129132,53091.6189439
53099.0533995,53099.0571179
53099.4422188,53099.4496965
53099.454881,53099.4626594
53099.4664551,53099.4734002
53099.4780291,53099.4856802
53099.4896032,53099.500032
53099.501594,53099.5100091
53099.6381795,53099.6486083
53099.6501703,53099.6595576
53099.6611195,53099.670275
53113.5242558,53113.5302865
53130.0621848,53130.0626391
53130.0655525,53130.0660073
53130.1304137,53130.134361
53131.0557033,53131.0711091
53147.5148355,53147.5208662
53149.803597,53149.8107877
53151.8922544,53151.9042691
53151.9572751,53151.9579803
53151.9611652,53151.9612928
53151.9638735,53151.9699043
53161.8782963,53161.8784843
53161.8872081,53161.8889591
53165.5954603,53165.6012017
53165.6657152,53165.6663058
53169.4616759,53169.4649892
53169.5282844,53169.531598
53176.2502989,53176.2605081
53196.7278918,53196.7379272
53202.0815493,53202.0832973
53202.164466,53202.178367
53202.1799276,53202.1938273
53202.3276952,53202.3415962
53203.8646278,53203.8780662
53203.9707045,53203.9837373
53204.5429148,53204.5468608
53216.4591648,53216.4596192
53216.460473,53216.4609273
53221.4601026,53221.469594
53226.1777878,53226.1847444
53231.0313182,53231.0324877
53231.0340726,53231.0468166
53231.0966423,53231.110254
53231.1633437,53231.1769555
53231.3776956,53231.3842933
53234.0907741,53234.0977307
53236.9724178,53236.9883214
53237.603435,53237.6047229
53237.6720356,53237.672224
53243.4020704,53243.403357
53243.4706586,53243.4708466
53249.61273,53249.6171403
53255.0158667,53255.020277
53257.7910638,53257.7991782
53258.4640849,53258.4684952
53258.5524861,53258.5568967
53258.6726727,53258.677083
53259.3524398,53259.35685
53260.8852768,53260.889687
53263.8530431,53263.8597682
53267.0180431,53267.0224533
53267.8047097,53267.8058793
53267.8074645,53267.8223496
53267.8721749,53267.8878126
53267.9387608,53267.9543982
53268.4706008,53268.4750111
53269.0226034,53269.0288656
53270.5287838,53270.5331941
53271.4696983,53271.4741085
53272.8640501,53272.8652193
53272.8668045,53272.8816896
53272.9319205,53272.9475578
53272.9954968,53273.0094211
53287.8132402,53287.8176505
53301.7831594,53301.7875693
53302.2005783,53302.2049886
53304.7206594,53304.7250697
53306.4450805,53306.4494908
53307.5414579,53307.5458682
53309.8700113,53309.8760419
53310.5348491,53310.5392593
53310.6018168,53310.6062268
53313.6412842,53313.6493982
53315.3749769,53315.376149
53315.3767247,53315.3773179
53315.4387847,53315.4425031
53317.3810532,53317.3854635
53320.0681365,53320.0725468
53320.3214469,53320.3258568
53320.6007639,53320.6051742
53321.1796295,53321.1840398
53321.3214006,53321.3258109
53322.3874535,53322.3918638
53323.6654747,53323.6698846
53325.3148728,53325.3291442
53328.3176043,53328.3220142
53329.7648032,53329.7729172
53330.8668173,53330.8712275
53337.5498728,53337.5503501
53337.5522569,53337.5527346
53338.499861,53338.4998768
53338.5012269,53338.5014149
53338.5269443,53338.5319764
53338.5707161,53338.5754764
53338.5884013,53338.5884172
53338.5897671,53338.5899557
53340.3109606,53340.3153709
53343.3879517,53343.392362
53343.5051047,53343.5109025
53343.7393176,53343.7451168
53343.994688,53344.0004872
53344.2751276,53344.2809255
53344.4084032,53344.4142024
53344.5429632,53344.5487624
53352.7233454,53352.7277557
53357.1776973,53357.1821072
53367.2348962,53367.2393064
53385.1602092,53385.1646194
53387.7330896,53387.737267
53388.5322462,53388.536425
53391.574804,53391.5790639
53393.863091,53393.8673509
53394.3302092,53394.334388
53394.8636351,53394.8678139
53397.1966792,53397.200858
53414.4000246,53414.4081386
53414.8307076,53414.834886
53417.1513557,53417.1557657
53418.1528024,53418.1572127
53429.3541798,53429.3585897
53430.2879991,53430.2924094
53430.3539713,53430.3583816
53430.8289946,53430.8334049
53433.1308465,53433.1352564
53433.2217606,53433.2261708
53437.9234509,53437.9237522
53437.9265064,53437.9330115
53443.961599,53443.9657778
53478.1280923,53478.1334055
53478.1936593,53478.1940185
53478.314076,53478.3190651
53478.3464371,53478.3471436
53480.0230115,53480.0284505
53480.1001412,53480.1003848
53480.5802223,53480.5859403
53480.593243,53480.5936022
53481.8107315,53481.8107577
53482.9015186,53482.9179788
53483.8048404,53483.8048666
53484.1832663,53484.1882437
53484.2491575,53484.249864
53484.9434745,53484.9488107
53484.9554886,53484.955674
53485.1172245,53485.1172507
53487.9458241,53487.9458503
53488.1166226,53488.1166488
53488.9442386,53488.9442636
53489.8165419,53489.8170774
53490.0165419,53490.0170774
53490.2188449,53490.2193803
53490.4164837,53490.4170192
53499.5402223,53499.5406999
53499.5423289,53499.5428062
53500.2767038,53500.2808826
53500.5239375,53500.5281149
53507.4575949,53507.4662877
53507.526993,53507.53601
53508.9781041,53508.9784055
53508.9796204,53508.9857088
53511.1838224,53511.1925152
53511.2560675,53511.2650845
53511.3805353,53511.3892278
53511.4455238,53511.4545404
53511.5121905,53511.5212071
53512.1156279,53512.1243208
53512.189459,53512.1984756
53512.900754,53512.90078
53512.9345746,53512.9345986
53514.1713453,53514.171936
53514.1731509,53514.1792512
53516.2373523,53516.2424571
53516.2498061,53516.2501652
53517.2522483,53517.2528389
53517.2540538,53517.2601537
53519.0064264,53519.0066148
53519.0153387,53519.0170893
53526.1580931,53526.1632441
53526.1705353,53526.1708945
53531.3704657,53531.3861612
53534.4869938,53534.4998533
53534.5157438,53534.5169134
53565.1613805,53565.1664622
53565.1683134,53565.1686726
53576.9090903,53576.9227599
53579.3420648,53579.3555028
53579.4384422,53579.4391484
53581.8439744,53581.8576351
53589.4279792,53589.4281663
53589.4442637,53589.4457832
53590.6318796,53590.6372621
53591.141,53591.1456417
53603.8895882,53603.8897766
53603.89541,53603.8969295
53609.1232689,53609.1235703
53609.1247852,53609.1312903
53609.4289519,53609.4292558
53609.4895767,53609.4959416
53610.9514633,53610.9516514
53610.9572852,53610.9588044
53612.4225511,53612.4228539
53612.7562782,53612.7580288
53612.8196,53612.8197871
53613.2792178,53613.2795218
53614.0387204,53614.0433621
53615.3442874,53615.3445914
53625.7441142,53625.758733
53627.6778064,53627.6922863
53628.6101905,53628.6246707
53629.1172393,53629.121247
53629.542899,53629.5573789
53630.4755493,53630.4900293
53630.6087786,53630.6232585
53636.1692067,53636.1732144
53638.3385934,53638.351453
53662.079321,53662.0849019
53662.151437,53662.151798
53665.0063022,53665.0199721
53665.165087,53665.1654462
53666.3230152,53666.3270784
53667.092807,53667.0974951
53673.0839529,53673.087958
53676.6323789,53676.6323992
53676.6640337,53676.6640921
53687.4067539,53687.4114637
53688.4717076,53688.4757153
53689.0078072,53689.0118149
53689.3434091,53689.3439997
53689.3470432,53689.354162
53698.652182,53698.6528886
53703.7432357,53703.7437134
53703.7445656,53703.745043
53723.913282,53723.9175186
53723.9799139,53723.9841508
53725.1193005,53725.1235371
53727.117935,53727.1221715
53727.6443816,53727.6486182
53727.8510713,53727.8551345
53730.3804231,53730.3943245
53730.8466616,53730.860563
53732.8448676,53732.8587689
53734.5766616,53734.590563
53735.8928654,53735.9067675
53736.7145563,53736.7185613
53737.824951,53737.8388524
53739.5021617,53739.5061668
53740.7707366,53740.7846379
53743.5523932,53743.5662942
53747.8888862,53747.9022087
53748.3619302,53748.3659353
53750.4954836,53750.5022304
53755.7089095,53755.7165257
53755.7746732,53755.7826716
53756.0522891,53756.0609816
53756.0628213,53756.0715142
53758.8158306,53758.8222201
53759.8398584,53759.8462479
53762.0970809,53762.097556
53768.6202524,53768.6270008
53768.6954491,53768.7021975
53774.6936435,53774.6941212
53774.6949746,53774.6954523
53777.364778,53777.3688408
53779.5345346,53779.5397434
53785.8098357,53785.8101371
53785.8954143,53785.8957156
53786.8911073,53786.900379
53787.3575557,53787.3668271
53790.3385395,53790.3427748
53793.7968265,53793.8020353
53794.6628913,53794.6681001
53795.4646391,53795.4698479
53795.5889561,53795.5941649
53796.6544076,53796.6596164
53800.8008897,53800.8022326
53805.5388527,53805.5439574
53806.0105771,53806.0152189
53817.6098018,53817.6138651
53818.4622326,53818.475011
53818.5768041,53818.5776262
53818.64634,53818.6502873
53818.7860981,53818.7900454
53818.9257741,53818.9297214
53819.9250449,53819.9289922
53820.7847671,53820.7887144
53821.2457742,53821.2497215
53826.7363531,53826.7376959
53835.6384593,53835.6387056
53835.7050785,53835.7053248
53835.9049293,53835.9051755
53835.9715497,53835.9717956
53836.2380079,53836.2381385
53836.3046168,53836.304863
53836.7043275,53836.7045737
53836.7739456,53836.7740759
53839.988413,53839.9931244
53841.4473716,53841.4513793
53841.768309,53841.768333
53841.7917927,53841.7918104
53850.8389576,53850.8513542
53851.637835,53851.6502316
53851.7709713,53851.7833679
53851.9041173,53851.9165149
53852.636388,53852.6487845
53852.7695246,53852.7819212
53852.9026728,53852.9150694
53853.0653694,53853.0693745
53853.6349413,53853.6473379
53853.768078,53853.7804745
53853.9011913,53853.9135879
53854.5668857,53854.5792823
53854.7000109,53854.7124075
53854.8331357,53854.8455323
53855.565358,53855.5777545
53855.6984832,53855.7108797
53855.831608,53855.8440045
53865.7567006,53865.7636571
53865.7742932,53865.7807868
53865.8314113,53865.8435764
53866.2366313,53866.2431594
53869.7180317,53869.7221757
53871.6394669,53871.643472
53874.3780088,53874.3870835
53874.4412032,53874.4502779
53874.5078699,53874.5169446
53874.7779743,53874.7870487
53874.8194673,53874.828542
53874.9078699,53874.9169446
53878.2163769,53878.2168546
53878.2198143,53878.220292
53880.5439466,53880.5491554
53881.0173377,53881.0225465
53881.1337495,53881.1389587
53881.1933447,53881.1985535
53881.4652892,53881.4704967
53882.058518,53882.0637272
53882.3326617,53882.3378705
53882.3992706,53882.4044794
53882.9511225,53882.9551302
53882.9987032,53883.0039124
53883.0653006,53883.0705094
53884.0769095,53884.0809172
53892.6755206,53892.684329
53892.6861225,53892.6949309
53892.8193284,53892.8281368
53893.5413421,53893.5501505
53893.551944,53893.5607528
53893.6745366,53893.6833454
53896.610694,53896.615382
53902.6734259,53902.6736144
53902.6793752,53902.6808944
53924.2206833,53924.2249777
53926.4436463,53926.4439503
53939.980232,53939.980536
53947.9378365,53947.9417834
53950.0021535,53950.0061008
53951.0010539,53951.0050012
53953.5243524,53953.5282983
53956.3229388,53956.3270005
53963.7577558,53963.7579438
53963.7741676,53963.7756872
53964.579411,53964.5834157
53965.2915287,53965.3068764
53965.4247351,53965.4400709
53965.557941,53965.5732772
53965.6911469,53965.7064831
53966.2905684,53966.3059046
53966.4237743,53966.4391105
53966.5569785,53966.5723133
53966.6901862,53966.7055224
53967.2230102,53967.2383464
53967.3562165,53967.3715524
53967.4894225,53967.5047587
53967.6226284,53967.6379646
53968.0433228,53968.0472701
53968.6369917,53968.640939
53969.4253484,53969.4382772
53974.7485658,53974.7487542
53974.764978,53974.7664972
53975.480788,53975.4956149
53975.6144225,53975.6292494
53975.747478,53975.762305
53976.0805317,53976.095359
53976.2137395,53976.2285664
53976.3469687,53976.3617957
53976.480198,53976.4950246
53976.6800358,53976.6948627
53977.213288,53977.2281149
53977.3465058,53977.3613327
53977.4801169,53977.4949438
53977.6132302,53977.6280572
53978.2123969,53978.2125853
53978.2288091,53978.2303283
53981.4104758,53981.4106638
53981.4268876,53981.4284068
53983.476008,53983.4761961
53983.4924202,53983.4939394
53985.229515,53985.2354298
53986.6210896,53986.629678
53987.6868652,53987.6954536
53991.3377215,53991.3463086
53993.0254067,53993.0339951
53996.3394459,53996.3454418
53997.0537515,53997.0599443
53997.3982307,53997.4069232
53997.8202911,53997.8290066
53998.3306844,53998.3392614
53998.853057,53998.8617499
53999.3298281,53999.3384047
53999.7082655,53999.7173632
53999.9153604,53999.9244814
54000.0514022,54000.0600947
54000.1863674,54000.1956388
54000.4622585,54000.4709625
54010.4581037,54010.4627455
54010.6150018,54010.6209977
54011.2484859,54011.2549677
54012.0380344,54012.0443544
54015.1738444,54015.1803266
54018.9448168,54018.951299
54021.9368772,54021.9429308
54021.9898865,54021.9959401
54026.9449676,54026.9537527
54037.7345958,54037.738543
54040.0872242,54040.0959634
54041.0110205,54041.0151993
54041.571912,54041.575859
54042.4300717,54042.4360675
54042.9302453,54042.9389956
54047.2940999,54047.3027232
54047.9044125,54047.9102113
54047.9191347,54047.9249335
54048.2930351,54048.3016583
54049.303741,54049.3123643
54049.8878614,54049.8973991
54051.5757412,54051.5803839
54059.8634284,54059.8727694
54060.467144,54060.475628
54060.9364725,54060.9452576
54067.0465766,54067.0550609
54067.8598869,54067.8603646
54067.862271,54067.8627487
54074.7752926,54074.7839618
54077.5570519,54077.5658021
54079.5643085,54079.5720173
54087.6205104,54087.6291807
54089.49476,54089.4988347
54090.1876537,54090.1964618
54092.5613456,54092.5654203
54096.3111722,54096.3205129
54097.261913,54097.2679084
54099.2415078,54099.2506055
54101.2243319,54101.2330244
54101.900443,54101.9091355
54102.0828967,54102.0868218
54102.3255704,54102.3343207
54103.0820405,54103.09071
54103.3329435,54103.3375852
54103.8983487,54103.9045411
54105.8991701,54105.9032449
54108.0955475,54108.1029671
54108.5563231,54108.5624693
54109.2267283,54109.2352123
54109.758962,54109.7674463
54112.69028,54112.6979889
54112.8239968,54112.831416
54113.8764042,54113.8848882
54114.1497027,54114.1581871
54114.9366935,54114.94093
54115.7527468,54115.7612308
54116.9409179,54116.9494023
54117.7351657,54117.7436497
54117.939493,54117.9479774
54119.733059,54119.7415434
54121.4645753,54121.4730597
54122.6795405,54122.68696
54122.7457212,54122.7531408
54124.4001194,54124.4075386
54124.4613796,54124.4687989
54124.5942975,54124.6017171
54124.6779783,54124.6853974
54124.7434875,54124.7509067
54125.5268553,54125.5353397
54125.7266124,54125.7350967
54125.8755824,54125.8840667
54126.3082098,54126.3142863
54126.8080127,54126.8164971
54127.4583024,54127.4667867
55028.3835949,55028.3856903
55028.4500993,55028.4521948
55028.5173101,55028.5194055
55028.5836412,55028.5857363
55028.7218471,55028.7239426
55029.1284097,55029.1415007
55030.049023,55030.0511185
55030.115736,55030.1178315
55030.1824838,55030.1845792
55030.2486412,55030.2507366
55030.3147753,55030.3168707
55030.3820093,55030.3841044
55030.857889,55030.8599841
55030.914243,55030.9163381
55030.9803656,55030.9824611
55031.5071827,55031.5092781
55031.5850067,55031.5871022
55031.637229,55031.6393244
55031.7878427,55031.7899377
55031.8519512,55031.8540466
55031.9183749,55031.9204703
55040.5347639,55040.5354585
55045.0242545,55045.0307944
55045.5273565,55045.5277037
55045.9202616,55045.9303533
55046.0318358,55046.032183
55046.1478891,55046.1485833
55048.4527617,55048.4534559
55048.8264539,55048.8271481
55048.9997872,55049.0001344
55050.0043128,55050.0131667
55050.1437109,55050.1440578
55050.5940813,55050.5947755
55050.8420439,55050.850933
55051.1414774,55051.1479362
55051.2072992,55051.2143947
55052.0104932,55052.0108404
55052.1351461,55052.1444052
55056.2786991,55056.2788726
55058.3289424,55058.3292896
55058.9843357,55058.984683
55059.6614191,55059.6617663
55059.9533287,55059.9610833
55062.5534446,55062.553537
55062.686338,55062.6864304
55065.127196,55065.1275432
55070.6232952,55070.6236424
55082.9031219,55082.9034691
55083.3969993,55083.3976935
55085.1106446,55085.11274
55087.9697189,55087.9704131
55094.9660727,55094.9681682
55095.3669302,55095.3672774
55101.4630646,55101.4634115
55103.291398,55103.2917448
55109.2735043,55109.2738515
55110.2036894,55110.2129718
55110.5328446,55110.549627
55110.734025,55110.7510389
55111.4679139,55111.4851592
55119.8078327,55119.8099281
55121.2051368,55121.2053103
55128.7151942,55128.7222204
55130.2614218,55130.261769
55133.3846973,55133.3850445
55134.246584,55134.2472782
55135.1189676,55135.1210627
55141.4320353,55141.4381118
55144.1040494,55144.1043966
55144.4510168,55144.4511903
55145.0429383,55145.0436325
55147.059489,55147.0672436
55148.0492575,55148.052151
55149.9624059,55149.9627531
55150.5858089,55150.5861561
55150.8597326,55150.8698483
55150.9401259,55150.9502416
55151.293494,55151.2941883
55152.4227648,55152.423112
55155.3863874,55155.3865609
55156.0859941,55156.0861675
55159.1940033,55159.1943505
55162.9132855,55162.9136327
55164.0961792,55164.0965264
55177.4704149,55177.4762141
55191.9433443,55191.9517929
55191.9434018,55191.951458
55192.5052418,55192.5073359
55192.968471,55192.9705665
55193.1100687,55193.1102422
55194.0718972,55194.0803463
55194.0819895,55194.0900458
55195.3085639,55195.3089111
55198.4482861,55198.4489807
55224.9427082,55224.9430553
55225.4012032,55225.4032986
55238.9840399,55238.9928937
55239.5140735,55239.516169
55244.3073499,55244.307373
55244.3166554,55244.3167134
55244.3275814,55244.3279286
55248.2320721,55248.2363719
55249.3912615,55249.3956603
55250.9233451,55250.9337619
55250.9476504,55250.9575585
55251.9216669,55251.9320837
55251.9459723,55251.9558803
55253.4695486,55253.478797
55254.2352665,55254.2356137
55256.3746412,55256.3838548
55256.5078127,55256.5170263
55259.0746423,55259.083531
55268.1497578,55268.1600239
55280.6965169,55280.7009272
55284.2119338,55284.216378
55284.5447001,55284.5535543
55285.2558226,55285.2561698
55287.5535539,55287.5579294
55287.6139243,55287.6182998
55287.6804984,55287.6848738
55287.7532528,55287.7576283
55295.3189022,55295.3232016
55295.3893533,55295.3936705
55298.9054762,55298.9096312
55305.9707192,55305.9710664
55307.4009967,55307.4030918
55309.0073738,55309.0094692
55312.1178951,55312.125696
55320.786066,55320.7949904
55320.9330338,55320.9388326
55322.2816802,55322.2919348
55323.6521308,55323.6609974
55324.7180567,55324.7269811
55328.676252,55328.6865067
55330.6235206,55330.6323748
55335.1430225,55335.1497595
55335.2044925,55335.2118658
55335.7077796,55335.7159169
55335.845731,55335.8521435
55335.9115644,55335.9186135
55335.9781499,55335.9851977
55336.0407425,55336.0488798
55336.8263795,55336.8306385
55340.3879883,55340.3886826
55346.3339726,55346.3382898
55348.3891115,55348.3989031
55349.8715074,55349.8814609
55349.9354744,55349.9450243
55353.7624207,55353.7645161
55353.8720745,55353.8794239
55355.1577796,55355.1598737
55355.6318081,55355.6415998
55359.7092156,55359.7095628
55365.8512987,55365.8533942
55367.2798637,55367.2800372
55372.7067858,55372.707133
55374.8815195,55374.8822137
55377.176785,55377.1859175
55380.1091576,55380.1182901
55386.415015,55386.4242974
55388.4228968,55388.4295059
55389.7778619,55389.7821563
55389.9111604,55389.9154552
55390.7776768,55390.7819699
55390.9109523,55390.9152467
55391.2772139,55391.2775611
55392.6431512,55392.6474455
55392.7763907,55392.7806852
55392.9095979,55392.9138926
55393.5756034,55393.5798966
55393.7087879,55393.7130822
55398.9016005,55398.9058948
55399.0821675,55399.0864618
55399.9665771,55399.9708715
55400.4324801,55400.4367744
55400.964459,55400.9687537
55401.5639497,55401.5682444
55401.6032208,55401.6053159
55401.8961953,55401.9004896
55402.0767623,55402.0810567
55402.961693,55402.9659874
55403.8270171,55403.8313115
55404.0158479,55404.0201426
55404.3452923,55404.349587
55404.4887301,55404.4908252
55404.6256627,55404.6299574
55404.7328849,55404.7330126
55404.8918664,55404.8961611
55405.0710679,55405.0753626
55405.7570401,55405.7613348
55405.8901419,55405.8944363
55406.6527816,55406.6534762
55406.6549808,55406.6607676
55413.7491239,55413.7512194
55415.540235,55415.5445294
55415.6733254,55415.6776198
55415.8064272,55415.8107216
55419.5278739,55419.5321686
55419.7018091,55419.7039046
55420.7976195,55420.8019138
55421.0638924,55421.0681868
55421.6592745,55421.6635339
55421.7964158,55421.8007101
55421.9385684,55421.9406638
55422.0627698,55422.0670642
55423.3060798,55423.3081753
55423.9267628,55423.9310572
55423.9713695,55423.9734646
55426.3666823,55426.3766358
55426.3667398,55426.376289
55431.3371922,55431.3445183
55431.8310798,55431.8331753
55431.8697266,55431.8770531
55432.2688933,55432.2762197
55432.7348655,55432.742192
55434.0706063,55434.0779327
55434.7314977,55434.7388238
55439.8045533,55439.8052475
55462.3895762,55462.3971809
55462.456127,55462.4635928
55482.2207113,55482.2252133
55482.957505,55482.9576441
55482.9582691,55482.9602367
55482.9608617,55482.9628292
55487.8983615,55487.9055725
55491.3382341,55491.3447217
55491.4039515,55491.4104395
55491.46894,55491.474311
55493.1688715,55493.169612
55502.3522276,55502.3588949
55504.6156075,55504.6214524
55511.7213828,55511.7361753
55511.7893806,55511.8037097
55512.8518457,55512.8661753
55512.9223202,55512.9371127
55515.3884092,55515.3930386
55518.9803528,55518.9862327
55521.7178528,55521.7208275
55522.8124939,55522.8154686
55524.1608744,55524.1652494
55534.9316714,55534.9382114
55544.2808856,55544.2863361
55546.81055,55546.8160018
55547.1370082,55547.1433862
55548.1822282,55548.1876803
55551.1147052,55551.120157
55551.2731889,55551.2795666
55552.0393586,55552.0400532
55552.2085593,55552.214011
55555.052634,55555.0580858
55555.1419858,55555.1506783
55555.6057473,55555.6111995
55556.0516966,55556.0571472
55556.7236988,55556.7291506
55557.7348562,55557.7496487
55559.4694047,55559.4748565
55560.1325992,55560.1389772
55560.267634,55560.2730857
55560.4012914,55560.4067432
55560.5344162,55560.5398683
55561.2000529,55561.205505
55561.3331662,55561.3386183
55561.4662914,55561.4717432
55562.1318932,55562.137345
55562.2650066,55562.2704587
55562.3981199,55562.4035721
55563.5954929,55563.610285
55563.7114073,55563.7257369
55564.5302614,55564.5357132
55566.4578655,55566.4633172
55569.3193818,55569.3248335
55569.4524603,55569.4579124
55569.6297984,55569.6352502
55570.5585599,55570.5640117
55570.7623447,55570.7677965
55570.9164651,55570.9219169
55571.3823214,55571.3877735
55572.0477151,55572.0531669
55572.1808747,55572.1863265
55572.4470436,55572.4524954
55572.7743933,55572.779845
55573.8445207,55573.8499724
55573.9776212,55573.9830732
55574.9086873,55574.9141391
55575.3085484,55575.3140002
55575.4416384,55575.4470906
55575.6816155,55575.6817432
55576.3732821,55576.3787339
55577.5045321,55577.5099839
55578.3696132,55578.375065
55578.5639418,55578.5693939
55578.9019962,55578.907448
55586.2884564,55586.2939082
55586.4215464,55586.4269985
55587.2200534,55587.2255056
55587.3505164,55587.3568945
55588.9288034,55588.9342552
55589.1497064,55589.1551582
55589.2827953,55589.288247
55590.214359,55590.2198111
55591.2124379,55591.21789
55591.6459331,55591.652473
55593.7056788,55593.7102272
55598.372079,55598.3722067
55601.0340464,55601.0394985
55601.8391508,55601.8446026
55603.2450997,55603.2595796
55603.2601583,55603.2740474
55603.7383876,55603.7538044
55603.8186416,55603.8344985
55603.8676124,55603.883573
55603.9542883,55603.9701456
55617.8196724,55617.8246841
55618.5717906,55618.576177
55621.4253672,55621.4312475
55632.1556229,55632.1603679
55634.8114215,55634.8253101
55634.827798,55634.8422779
55637.921363,55637.9289677
55638.9196156,55638.9272203
55642.2895926,55642.2938286
55643.7656223,55643.7687014
55648.8870811,55648.8940253
55648.8942104,55648.8995811
55648.9619767,55648.9684632
55649.0285852,55649.0350733
55654.2470112,55654.2500903
55654.3977638,55654.4036437
55663.9276249,55663.9335048
55668.0780651,55668.0884939
55668.4466185,55668.4624525
55668.7195814,55668.7254617
55680.3559133,55680.3601031
55692.8939689,55692.9108901
55693.0358322,55693.0527535
55694.3949874,55694.4105083
55694.4777068,55694.4936685
55694.5264111,55694.5424757
55694.6107842,55694.626744
55695.2769203,55695.2924409
55695.3914916,55695.407453
55695.4092118,55695.4252768
55695.5245705,55695.5405319
55698.1301838,55698.1353348
55698.1967346,55698.2018856
55698.2632959,55698.2684458
55698.3298364,55698.3349874
55698.3963875,55698.4015385
55711.6460171,55711.6548833
55715.7383549,55715.744617
55726.0432054,55726.0435526
55726.0725224,55726.0808559
55727.5035758,55727.5189926
55727.5862144,55727.6020718
55740.6946875,55740.6947569
55742.1058789,55742.1101732
55742.9031937,55742.9074881
55743.9012722,55743.905567
55744.0343511,55744.0386455
55744.1677656,55744.1720599
55745.4855671,55745.4856366
55745.9638304,55745.9681247
55748.0263533,55748.0306481
55749.0243278,55749.0286225
55749.1573604,55749.1616547
55750.7541088,55750.7584032
55751.7379051,55751.7421995
55752.6115855,55752.6158802
55752.7499651,55752.7542595
55752.883044,55752.8873384
55755.6052662,55755.6095606
55755.8766781,55755.8809724
55756.6031944,55756.6074887
55756.6697799,55756.676042
55756.8082739,55756.8125687
55757.6737384,55757.6780328
55757.8068632,55757.811158
55758.5187499,55758.5230443
55759.3173725,55759.3216669
55759.5774536,55759.581748
55759.6562847,55759.6662969
55762.0853588,55762.0912387
55764.660347,55764.6646417
55764.7934144,55764.7977087
55767.8781837,55767.8935194
55767.8952892,55767.9099411
55767.9575122,55767.9752668
55767.9575692,55767.9752206
55768.0259615,55768.0418413
55768.0260184,55768.0417946
55768.7063875,55768.7106806
55768.853854,55768.8581484
55769.6526388,55769.6569332
55769.785787,55769.7900813
55769.9188888,55769.9231832
55770.0922107,55770.096505
55770.3706468,55770.3749413
55770.624641,55770.6289354
55771.7824421,55771.7867365
55773.2832529,55773.2989242
55773.3997451,55773.4158572
55774.9871759,55774.9914702
55775.6464814,55775.6507758
55775.7804281,55775.7847224
55775.9137499,55775.9180443
55776.5133099,55776.5176046
55776.7797914,55776.7840861
55777.1003588,55777.1046532
55778.0979983,55778.1022927
55778.9111002,55778.9153945
55779.0966209,55779.1009153
55779.3717713,55779.3760656
55779.4163894,55779.4184849
55779.8432298,55779.8475241
55780.3691324,55780.3734267
55781.4933802,55781.4976745
55781.6406254,55781.6449201
55782.0906253,55782.0949201
55782.3682065,55782.3724996
55782.9050353,55782.9093297
55783.3708917,55783.375186
55783.9032528,55783.9075475
55784.0864357,55784.0907301
55784.3489242,55784.3532186
55784.901505,55784.9057997
55785.0842946,55785.088589
55785.3470376,55785.3513319
55785.8995142,55785.903809
55786.150695,55786.1549893
55787.0105791,55787.0148738
55787.6960883,55787.700383
55787.8291902,55787.8334849
55788.2949079,55788.2992023
55788.427975,55788.4322697
55788.7606605,55788.7649549
55788.8937157,55788.8980101
55789.6038085,55789.6051976
55789.6506487,55789.6564479
55790.0040398,55790.0083341
55790.2855909,55790.2898853
55790.6901279,55790.6944223
55790.8231835,55790.8274778
55791.2774309,55791.2833097
55794.6155446,55794.619839
55795.7872113,55795.787339
55795.9476972,55795.9519915
55796.6505569,55796.6659156
55797.5836002,55797.5837278
55797.6490639,55797.6644226
55797.9425005,55797.9467949
55798.8735768,55798.8778712
55799.6719679,55799.6762627
55800.4703246,55800.474619
55801.3544565,55801.3602556
55801.3743647,55801.3757537
55801.6678939,55801.6721886
55802.5993061,55802.6036004
55803.5815525,55803.5858345
55803.7308572,55803.7351515
55804.5961465,55804.6004408
55804.7292598,55804.7335541
55805.7940404,55805.7983348
55805.9271308,55805.9314251
55806.6991215,55806.6992492
55807.1246886,55807.1289829
55808.9723144,55808.97441
55813.885036,55813.8911244
55816.196321,55816.2116911
55816.278346,55816.2941553
55816.3272002,55816.3431149
55816.4114363,55816.4272474
55824.4598631,55824.4752451
55824.5929302,55824.6083122
55825.0314941,55825.0359507
55825.8809386,55825.8853951
55827.0878945,55827.0923511
55827.9682304,55827.9727333
55828.0858923,55828.0903488
55828.3852335,55828.4006155
55830.1645845,55830.1690411
55830.8291678,55830.8336707
55842.4345851,55842.4403842
55842.4544929,55842.4558816
55843.5804532,55843.5862524
55843.6090415,55843.6104305
55846.6640066,55846.6653957
55846.696321,55846.7021202
55850.3151291,55850.3209283
55850.3347711,55850.3417157
55863.8339129,55863.8401867
55864.6167502,55864.6226301
55866.6124561,55866.6185793
55866.7420046,55866.7478849
55868.2022013,55868.208556
55870.8305465,55870.8344934
55876.7286365,55876.7318316
55877.8267731,55877.8331278
55882.8749446,55882.8812182
55885.868278,55885.8745516
55886.7241457,55886.728093
55891.04204,55891.0459873
55893.4424682,55893.4464155
55893.6378969,55893.6379082
55894.6782437,55894.6840429
55894.6978851,55894.7048296
55895.0073065,55895.0115889
55896.9800958,55896.980113
55897.1354426,55897.1447144
55897.8909176,55897.8923063
55897.9122715,55897.9180707
55902.218313,55902.2237651
55902.4178255,55902.4232777
55902.6173641,55902.6228159
55903.3221674,55903.3222951
55903.4819937,55903.4874455
55904.2801185,55904.2855707
55904.4131381,55904.4185903
55904.5461489,55904.5516007
55905.3442622,55905.349714
55905.6781163,55905.6835684
55906.3419126,55906.3473647
55906.4749334,55906.4803855
55906.8740074,55906.8794596
55907.4726304,55907.4780822
55908.3371904,55908.3426425
55908.4702693,55908.475721
55909.0022715,55909.0077233
55909.1745167,55909.1799688
55909.5343548,55909.5398066
55909.6673641,55909.6728159
55910.0088222,55910.0147011
55910.3324915,55910.3379433
55910.7992261,55910.8031736
55911.0653619,55911.0693092
55911.2582785,55911.2637303
55911.8905363,55911.8951658
55912.2558941,55912.2613459
55912.3942389,55912.399691
55912.5272482,55912.5327003
55912.8597945,55912.8652466
55912.9927922,55912.998244
55913.1869704,55913.1924225
55913.3865074,55913.3919596
55913.5248293,55913.5302814
55913.6578385,55913.6632907
55913.8520285,55913.8574803
55914.3894229,55914.3948736
55914.6554311,55914.6608829
55914.795166,55914.8056983
55914.8192508,55914.8283255
55914.9879545,55914.9934062
55915.1821441,55915.1875962
55915.3816582,55915.3871099
55916.3180471,55916.3234988
55916.4510445,55916.4564966
55917.3155815,55917.3210336
55917.4485678,55917.4540196
55917.5696081,55917.573787
55917.7145863,55917.7200381
55917.9140885,55917.9195407
55918.2412645,55918.2467166
55918.3796093,55918.3850614
55919.0343671,55919.0345869
55920.308094,55920.3135458
55920.4411017,55920.4465539
55921.3722374,55921.3776891
55921.9351888,55921.9479324
55922.5983833,55922.6111269
55923.3672144,55923.3726661
55923.5066126,55923.522145
55923.77277,55923.7883024
55924.3646911,55924.3701432
55924.8754088,55924.8808606
55925.2957211,55925.3011732
55925.4287766,55925.4342287
55925.8729088,55925.8783594
55926.1994133,55926.204865
55926.3597144,55926.3651661
55926.6257084,55926.6311602
55926.79836,55926.7984876
55927.1305014,55927.1359532
55927.2908022,55927.2962543
55927.6232559,55927.628708
55928.2882211,55928.2936732
55928.421404,55928.4268558
55928.9189851,55928.9317291
55929.2859988,55929.291451
55929.4188925,55929.4243443
55930.2172144,55930.2226662
55932.2130822,55932.2185343
55932.3461725,55932.3516247
55932.4793207,55932.4847724
55932.7445985,55932.7506754
55933.206184,55933.2116362
55934.2555359,55934.260988
55934.4046563,55934.4101084
55934.7156633,55934.7211154
55935.3425266,55935.3479787
55935.4757329,55935.4811847
55935.6350507,55935.6505716
55935.7509759,55935.7669373
55935.7686966,55935.7847612
55935.8841588,55935.9001202
55936.1365417,55936.1419936
55936.275154,55936.2806062
55936.4083718,55936.4138236
55936.5415997,55936.5470513
55936.6655244,55936.6656521
55937.0175614,55937.0176891
55937.4023299,55937.4077821
55937.7331403,55937.737435
55937.9860336,55937.9914854
55938.1858588,55938.1913106
55938.3350266,55938.3404787
55938.4736148,55938.4790665
55938.6168207,55938.6222713
55938.8010451,55938.8091595
55939.0798533,55939.085305
55939.2062303,55939.2116824
55939.3394133,55939.3448654
55939.9367744,55939.9410687
55941.6047488,55941.6174928
55942.1407566,55942.1459649
55945.5305249,55945.5359771
55945.5841594,55945.5881063
55946.1990897,55946.2030371
55947.6446803,55947.646069
55947.6593212,55947.6651204
55947.794287,55947.802076
55948.7351781,55948.7367983
55950.8557103,55950.8586038
55951.1229211,55951.1229383
55951.2753746,55951.2846459
55952.1310805,55952.1438245
55958.2319835,55958.2374352
55958.3649927,55958.3704445
55959.2295064,55959.2349585
55959.3625042,55959.367956
55959.5592864,55959.5647385
55959.9812542,55959.9928404
55960.2270297,55960.2324815
55960.3600272,55960.3654793
55960.5562079,55960.5616585
55962.222076,55962.2275278
55962.355062,55962.3605141
55965.5623895,55965.5729219
55965.6172149,55965.6262893
55965.6554671,55965.6594145
55967.2498062,55967.2537533
55968.5012321,55968.5055141
55968.5674346,55968.5790211
55969.3135112,55969.3174582
55972.5299694,55972.5401667
55973.8802366,55973.8806993
55975.4019253,55975.4133496
55976.0125747,55976.0169726
55979.3412899,55979.3431415
55981.3233268,55981.3292067
55982.0044843,55982.0110815
55982.2687779,55982.2803644
55982.5336738,55982.5464178
55982.8587551,55982.8589863
55984.7225051,55984.7227941
55985.6050164,55985.6089637
55990.3139168,55990.319797
55990.4367527,55990.4406996
55990.7153175,55990.7269037
55993.6243916,55993.6291718
55993.6909194,55993.6957
55993.8194493,55993.8236396
55993.8441482,55993.8489289
55995.4190675,55995.4306537
55995.834079,55995.8445311
55996.2190212,55996.2238018
55996.5428056,55996.5475863
56003.0167299,56003.0283164
56004.3456421,56004.3519157
56004.7439406,56004.7498209
56007.6727021,56007.6863703
56011.7799477,56011.7936172
56015.2395781,56015.239666
56016.0993814,56016.1008856
56021.0898551,56021.0938024
56027.3700517,56027.375932
56028.139878,56028.1444039
56029.7669622,56029.766976
56031.5636522,56031.5636727
56031.6696124,56031.6741386
56032.4898096,56032.4901568
56032.5598211,56032.5598512
56032.6929577,56032.6929634
56034.8972399,56034.8972538
56035.944264,56035.9489044
56042.0655501,56042.07143
56044.5058865,56044.5164189
56044.5299712,56044.539046
56044.705088,56044.7156085
56044.7051449,56044.7142197
56046.915712,56046.9261641
56052.5721935,56052.5780737
56067.1181202,56067.128537
56067.1962915,56067.2055629
56070.4757359,56070.4816159
56080.5146256,56080.5146484
56083.5666276,56083.5705749
56087.0203314,56087.0242773
56087.6205281,56087.6303206
56087.6992781,56087.7090706
56087.8324262,56087.8422171
56088.4228777,56088.4326698
56088.4893129,56088.499105
56099.685204,56099.6913506
56100.1621377,56100.1727279
56100.9004703,56100.9044176
56106.6660029,56106.6718832
56107.1515703,56107.1558647
56107.5513733,56107.555668
56107.9458411,56107.9501354
56108.1285726,56108.1328669
56108.4135148,56108.4178091
56108.9451003,56108.9505521
56109.1258641,56109.1301588
56109.4102741,56109.4145684
56110.4478433,56110.4521377
56111.8720563,56111.8775084
56112.0041386,56112.0084329
56112.187473,56112.1917677
56112.9346489,56112.9389436
56113.0711767,56113.0754714
56113.3291745,56113.3334688
56114.9300529,56114.9343473
56115.1097648,56115.1140592
56115.9274267,56115.9317214
56116.0627278,56116.0670221
56117.5606445,56117.5665244
56117.8554245,56117.8597192
56119.8500078,56119.8543025
56119.9824385,56119.9867329
56120.257207,56120.2732027
56120.3398574,56120.355308
56120.7142889,56120.7185821
56120.8213737,56120.8215014
56121.1748459,56121.1791403
56121.9110033,56121.9152977
56122.0457485,56122.0500429
56122.8417093,56122.8460036
56124.8355748,56124.8398696
56129.6227163,56129.6270107
56129.7551582,56129.7594529
56129.8881096,56129.8924044
56130.0216052,56130.0258995
56130.9517785,56130.9560733
56132.145633,56132.1515129
56132.3478552,56132.3521496
56132.5214545,56132.5257476
56132.6807719,56132.6850662
56132.8137348,56132.8180292
56133.1418838,56133.148828
56133.1813619,56133.1883188
56133.6779695,56133.6822629
56133.8109222,56133.8152166
56133.9438619,56133.9481566
56134.5158063,56134.520101
56134.6751119,56134.6794066
56134.8080633,56134.8123577
56135.3398804,56135.3441751
56135.5339663,56135.5382607
56135.6722415,56135.6765362
56136.0711304,56136.0754251
56137.809383,56137.8094758
56137.8659915,56137.8715014
56139.3482936,56139.3483866
56139.3704708,56139.3754018
56142.7811081,56142.7854024
56143.1134807,56143.1177754
56143.7781914,56143.7824861
56144.7088047,56144.7130991
56147.2199158,56147.2242102
56147.4858188,56147.490112
56147.6390362,56147.6433306
56149.4137355,56149.4180298
56157.1692341,56157.1692605
56160.3691403,56160.3692102
56160.3904251,56160.3950669
56169.3648929,56169.3707728
56180.2772428,56180.2831231
56185.8867809,56185.8937252
56185.9442106,56185.9511672
56192.4225902,56192.4226831
56192.4454606,56192.4506231
56197.7086904,56197.7145703
56201.0544776,56201.0567922
56203.2026022,56203.2026951
56203.2579033,56203.2624292
56205.6695582,56205.6716536
56214.2743848,56214.278841
56225.2679853,56225.2772443
56225.4362711,56225.4363007
56227.1193509,56227.121434
56233.8961331,56233.9024992
56234.076573,56234.0766021
56235.05236,56235.0582403
56236.6789342,56236.6829155
56253.1068166,56253.1113305
56255.593194,56255.5945827
56255.6543861,56255.6590275
56257.5450213,56257.5509016
56260.8787844,56260.8801731
56260.9422331,56260.9468749
56262.3957637,56262.395812
56268.0344787,56268.0365738
56269.193842,56269.1992938
56269.5874298,56269.5928819
56269.7738535,56269.7793056
56270.5134368,56270.518889
56270.9107053,56270.9161575
56271.654062,56271.6595138
56271.9075224,56271.912973
56273.0402194,56273.0456712
56276.6391083,56276.6445601
56280.4922331,56280.4976853
56280.6270594,56280.6325116
56280.8294091,56280.8372916
56281.4225805,56281.4280323
56281.9543614,56281.959812
56282.6207631,56282.6262153
56287.4037838,56287.4092356
56287.7577201,56287.7656026
56288.3341783,56288.33963
56288.4670949,56288.4725467
56289.1980905,56289.2035423
56289.3310072,56289.3364589
56289.4640627,56289.4695145
56289.6606946,56289.6661463
56290.2615394,56290.2669915
56290.7974305,56290.8033108
56291.2582638,56291.263716
56291.391169,56291.3966212
56292.1888083,56292.19426
56292.3217246,56292.3271767
56292.6953821,56292.6983915
56295.3122453,56295.3176975
56295.445162,56295.4506141
56295.8344338,56295.834781
56295.8436004,56295.8453365
56296.3090742,56296.314526
56296.4151738,56296.4153015
56297.305845,56297.3112971
56297.8887393,56297.8889243
56297.8916326,56297.8937161
56298.2362038,56298.2416556
56298.3571183,56298.3612971
56299.2277083,56299.2331604
56299.7646646,56299.7701163
56300.3622109,56300.3676626
56300.4956598,56300.5011119
56300.6285416,56300.6339937
56301.1548612,56301.160313
56301.4924423,56301.4978941
56301.9906483,56301.9985308
56303.286609,56303.2920608
56303.4195257,56303.4249774
56304.9002316,56304.9061119
56307.2735186,56307.2789704
56307.4059027,56307.4113549
56307.5393172,56307.5447693
56308.1683571,56308.1753017
56308.4031368,56308.4085886
56308.5360301,56308.5414823
56308.7348498,56308.7403015
56309.0239701,56309.0318641
56309.2669561,56309.2724078
56309.3998612,56309.405313
56311.8942251,56311.9021076
56313.4603945,56313.4624776
56319.4361929,56319.4420728
56319.6687856,56319.673068
56321.7970029,56321.8048854
56326.2219922,56326.2221079
56326.2246077,56326.2257653
56326.8554751,56326.8615291
56329.3502214,56329.3504527
56350.8970385,56350.9134275
56353.5045733,56353.5130113
56353.7040521,56353.7124906
56363.5492836,56363.5553376
56364.2953603,56364.3031269
56364.3199328,56364.32109
56370.8672939,56370.8730808
56371.7337754,56371.7395622
56376.0339602,56376.0340993
56376.0366687,56376.0384048
56382.9554889,56382.9578035
56392.0790063,56392.0849329
56404.6697711,56404.6756513
56408.9434514,56408.9455469
56409.0120974,56409.0141928
56415.0885915,56415.0887301
56415.0912996,56415.0926883
56428.4436841,56428.4543205
56431.0033466,56431.0102571
56434.600825,56434.6029201
56436.5676535,56436.5735338
56441.2326776,56441.2356866
56458.1644369,56458.166983
56462.7317632,56462.7347722
56469.5342523,56469.535641
56469.597249,56469.6018907
56470.5413008,56470.5520647
56470.6048764,56470.6162315
56470.675479,56470.6862428
56470.7378164,56470.7491711
56470.808419,56470.8191828
56470.8707675,56470.8821226
56470.9413586,56470.9521225
56471.003719,56471.0150741
56471.0742986,56471.0850625
56471.1366705,56471.1480252
56471.4514049,56471.4527939
56471.5167631,56471.5214034
56471.6060579,56471.6168217
56471.668476,56471.6798307
56471.7389975,56471.7497614
56471.8014275,56471.8127822
56471.8719375,56471.8827014
56471.9343786,56471.9457337
56472.0048771,56472.015641
56472.0673186,56472.0786733
56472.7982801,56472.8096225
56472.798499,56472.8098541
56472.8689049,56472.8796688
56472.931439,56472.9427937
56473.0018449,56473.0126088
56473.0643905,56473.0757452
56475.7536034,56475.7578978
56475.8865082,56475.890803
56475.9935223,56475.99365
56476.1522953,56476.15659
56477.4286847,56477.4333265
56477.458199,56477.4600506
56480.3510001,56480.3578865
56482.0900723,56482.0959528
56482.3028286,56482.3030021
56482.305676,56482.3074117
56484.4438469,56484.4481413
56485.6540088,56485.6583035
56486.3234417,56486.3277365
56487.319854,56487.3241483
56488.9648769,56488.9703291
56489.9777706,56489.982065
56492.3131185,56492.3250631
56496.2168562,56496.2211506
56497.0244951,56497.0287894
56497.2877459,56497.2920391
56497.5577588,56497.5620535
56498.0703169,56498.0746113
56499.7503747,56499.7546691
56499.8832451,56499.8875394
56499.9371233,56499.938512
56499.9988584,56500.0035002
56500.2750506,56500.279345
56500.746914,56500.7512087
56500.8797958,56500.8840905
56501.8762892,56501.8805835
56502.9404558,56502.9447502
56504.1857922,56504.1859309
56504.1885003,56504.1898894
56508.1873891,56508.1916838
56509.6485465,56509.6528412
56509.7814054,56509.7856997
56509.976938,56509.9812323
56511.5749587,56511.5792531
56511.7078291,56511.7121234
56514.4597622,56514.4627712
56516.8012202,56516.8096931
56517.526498,56517.5349708
56517.8041483,56517.8115797
56518.3155143,56518.3240101
56518.3716139,56518.3814757
56518.6596346,56518.6667186
56518.9457806,56518.9478757
56520.307725,56520.3160819
56520.3743683,56520.3827253
56521.3131298,56521.3204453
56522.2863824,56522.2947971
56524.1071113,56524.1092068
56530.4735698,56530.4820427
56530.542285,56530.5506986
56531.8936054,56531.8949941
56531.9563476,56531.9609894
56533.4779565,56533.4857001
56534.3435235,56534.3517186
56535.0223546,56535.0312786
56538.0475286,56538.0560015
56540.1847508,56540.1932122
56540.3921106,56540.4016022
56541.8536167,56541.8630848
56542.4221932,56542.4247392
56542.8550519,56542.8645433
56543.7292997,56543.7406778
56543.7944386,56543.8058166
56543.8608853,56543.8722633
56544.138096,56544.1484089
56544.8590797,56544.8704578
56544.9337671,56544.9451452
56546.7662786,56546.7749137
56547.3011053,56547.3032007
56548.4018112,56548.4097515
56548.8427379,56548.8441266
56548.9708156,56548.9754574
56549.6440227,56549.6478884
56549.7792427,56549.7815573
56549.7923327,56549.7963836
56552.1842079,56552.1843003
56552.2209786,56552.2213258
56552.3074486,56552.3090143
56552.4133512,56552.4168003
56552.5469279,56552.5503766
56555.7435712,56555.7438025
56555.7453882,56555.7494391
56555.9911986,56555.9914299
56555.9930156,56555.9970666
56558.5355841,56558.5376796
56559.5322279,56559.5343233
56560.5816006,56560.5862433
56560.6111175,56560.6129691
56562.3157812,56562.3178763
56562.6383282,56562.6489069
56569.159196,56569.1748214
56569.2382933,56569.2540347
56569.4243931,56569.440018
56569.5040225,56569.5197625
56570.0892079,56570.1048328
56570.089844,56570.1046713
56570.4877612,56570.5033858
56570.5668696,56570.5826113
56570.6870549,56570.7026799
56570.7661636,56570.781905
56570.8863142,56570.9019391
56570.9654344,56570.9811758
56571.0855968,56571.1012217
56571.1647051,56571.1804469
56571.5505734,56571.5661984
56571.681314,56571.6970673
56573.3357818,56573.3441621
56574.0434436,56574.0505854
56576.6117655,56576.6183169
56577.6181892,56577.623641
56578.1870199,56578.1954928
56580.1668359,56580.1718124
56583.1060477,56583.1143587
56587.2784785,56587.2858747
56588.1584675,56588.1668474
56593.4368589,56593.4369975
56593.4395674,56593.440956
56604.7772405,56604.7861185
56605.8426109,56605.84899
56607.0672414,56607.0754704
56607.077009,56607.080933
56609.299128,56609.3073571
56609.3088957,56609.3129226
56609.9715809,56609.9779585
56614.9388848,56614.9452625
56615.6253663,56615.6317788
56616.5314662,56616.5470912
56616.6075885,56616.6233284
56616.9963617,56617.0119867
56617.0724959,56617.0882373
56617.394834,56617.4104589
56617.4709911,56617.4867328
56617.66113,56617.6759573
56617.740274,56617.7565815
56617.9925654,56618.0081904
56618.0687226,56618.0844643
56618.4574614,56618.4730863
56618.5852618,56618.6010151
56624.3674962,56624.3718941
56624.3926,56624.3965473
56625.5278892,56625.5356562
56625.5728088,56625.5773223
56627.8387574,56627.8417788
56631.5272063,56631.5363621
56633.35488,56633.3635134
56634.1798685,56634.1888506
56634.9158163,56634.9247869
56636.0450537,56636.0540358
56636.1092789,56636.112045
56639.0499619,56639.0543717
56640.5399611,56640.5483991
56641.2412574,56641.2476354
56642.0713508,56642.0714432
56642.1060382,56642.1063854
56642.284036,56642.2877976
56642.4573001,56642.4609458
56643.0042212,56643.0076702
56643.3887352,56643.3924965
56644.1303323,56644.1330521
56644.3117781,56644.3208762
56644.7211426,56644.7245913
56645.0097538,56645.0132028
56645.195066,56645.1978321
56645.7098464,56645.7143598
56645.7099033,56645.7138502
56646.7069866,56646.7160843
56647.0639655,56647.0712332
56653.6016317,56653.611482
56654.6116171,56654.6199502
56654.6214928,56654.6254168
56655.374476,56655.3786424
56655.3745369,56655.3785534
56658.3371872,56658.3451738
56661.1813306,56661.1873612
56661.2380554,56661.2479053
56662.2043291,56662.2128941
56662.2144324,56662.2186112
56662.3337104,56662.3433901
56662.9312728,56662.9409379
56664.3681246,56664.3702201
56667.9482057,56667.9492594
56674.0246295,56674.0343638
56676.0948035,56676.1045382
56680.0811694,56680.0903252
56680.3483225,56680.3568871
56680.3584249,56680.3626037
56684.202512,56684.2103482
56684.3752664,56684.3816445
56687.5860997,56687.592906
56687.8706949,56687.87279
56689.4963083,56689.5032997
56689.7666672,56689.7730797
56690.7002094,56690.7085429
56690.7100812,56690.7140056
56697.377732,56697.3854408
56699.9955561,56700.0052093
56702.9294338,56702.9374207
56704.9140404,56704.9236592
56705.9374435,56705.9376748
56705.9392606,56705.9433115
56706.7870612,56706.7966452
56706.9155797,56706.9253141
56709.3797928,56709.3800244
56711.3282535,56711.336587
56711.338126,56711.3420504
56712.8543412,56712.8607655
56715.1888319,56715.19521
56716.5267949,56716.5346659
56716.6754986,56716.6847704
56720.9699905,56720.9702218
56720.9718075,56720.9758584
56723.4181723,56723.4284277
56726.2069114,56726.2090065
56731.8650018,56731.8719928
56731.9449437,56731.953521
56737.3272127,56737.3302218
56740.4852563,56740.4929654
56740.7755803,56740.7839895
56740.9816222,56740.9908936
56741.5723859,56741.5807951
56741.6387981,56741.6471839
56741.7531153,56741.7534047
56741.7627449,56741.7648281
56742.0435781,56742.0528728
56742.8965177,56742.9061713
56742.97396,56742.9836365
56743.2294926,56743.2374095
56745.0166685,56745.0245162
56745.0954992,56745.1044928
56745.8131844,56745.8221784
56746.0119807,56746.0195276
56746.1472355,56746.1545047
56748.6010085,56748.6095858
56750.2862055,56750.2939258
56751.4173974,56751.4262291
56755.2400248,56755.2472247
56756.6997942,56756.7025488
56756.7934285,56756.8027691
56756.8891922,56756.8985332
56767.8661949,56767.8664262
56767.868012,56767.8720629
56768.9144701,56768.9228036
56768.9243425,56768.9283943
56770.7010325,56770.719598
56770.9003496,56770.9187417
56771.6968888,56771.715281
56771.8960325,56771.9144247
56772.4147129,56772.4313343
56772.6925603,56772.7109524
56772.8917036,56772.9100958
56773.7539259,56773.7729776
56773.8365185,56773.843915
56780.437734,56780.4398291
56780.9458125,56780.9537069
56783.8609283,56783.8681154
56789.9086025,56789.9177932
56790.6201386,56790.6291924
56790.69123,56790.7002584
56793.2003388,56793.209205
56793.8774318,56793.8784843
56794.6005933,56794.6075847
56794.673834,56794.6810221
56794.8857785,56794.8949921
56795.0562533,56795.0639621
56796.7238629,56796.7308706
56802.0786259,56802.0874573
56803.6420633,56803.6495291
56804.3800471,56804.3879191
56804.6331977,56804.640675
56804.6998759,56804.7073417
56804.7804748,56804.7878613
56807.7598525,56807.7672491
56807.8238803,56807.8313002
56808.6839614,56808.6935802
56808.7612185,56808.7708717
56815.6671566,56815.674391
56816.926601,56816.9342058
56818.0914159,56818.0986846
56819.3770292,56819.3844487
56819.7074577,56819.7148658
56819.7927236,56819.8004328
56821.1849459,56821.190745
56823.0396451,56823.0469024
56823.9002818,56823.9094835
56829.8766822,56829.8865324
56830.152284,56830.1621339
56830.9567633,56830.9627939
56835.1614736,56835.1688702
56836.1487433,56836.1574005
56836.1589392,56836.1631176
56837.0509644,56837.0605717
56837.3075847,56837.3161213
56837.3739392,56837.3824813
56837.4261381,56837.4353402
56837.4933718,56837.5007569
56837.609807,56837.6190783
56837.7715211,56837.7717524
56837.7733381,56837.777389
56838.6177933,56838.6269721
56839.0709877,56839.0797961
56839.7618903,56839.7710924
56839.8966125,56839.9038124
56841.3505602,56841.3590735
56841.4099698,56841.4171464
56841.6052243,56841.6123779
56843.2573887,56843.2646231
56843.3301435,56843.3406416
56843.9407454,56843.9493105
56846.1063817,56846.1164057
56857.6701317,56857.6785234
56857.7396806,56857.7470653
56872.3979912,56872.4066826
56872.877135,56872.8843693
56883.1933387,56883.1943923
56885.4678765,56885.4748208
56885.533915,56885.5397152
56885.6660825,56885.6730271
56885.7473431,56885.7531423
56886.2606888,56886.2676334
56886.3267298,56886.3325289
56886.4588951,56886.4658393
56886.5249357,56886.5307349
56886.6935353,56886.6956304
56887.5444842,56887.5519504
56888.2046231,56888.2122278
56889.1711288,56889.1780734
56889.2373201,56889.2431193
56890.5918572,56890.6005845
56905.9597282,56905.9618233
56908.4525638,56908.4566267
56908.4693002,56908.4706889
56908.5274016,56908.5314648
56908.544138,56908.5455267
56908.6013836,56908.6013926
56908.6144854,56908.6144945
56908.7955268,56908.7995896
56908.8122628,56908.8136519
56909.2408047,56909.2417304
56909.2610132,56909.262286
56909.3177142,56909.3238607
56909.3700525,56909.3709782
56910.7192191,56910.7201448
56910.7394273,56910.7407004
56910.7974827,56910.8036293
56910.849821,56910.8507467
56913.6921008,56913.6941963
56914.0558054,56914.0564997
56914.0760832,56914.0767775
56914.132286,56914.1369278
56914.1857128,56914.1864071
56914.6486634,56914.6527263
56914.6654003,56914.6667893
56917.4741158,56917.4892545
56917.5519505,56917.5678422
56918.6697406,56918.6848797
56918.746499,56918.7623911
56918.8689073,56918.884046
56918.9456079,56918.9614996
56919.4643469,56919.479486
56919.542992,56919.5588841
56919.6660021,56919.6811412
56919.7421123,56919.7580044
56919.8652036,56919.8803423
56919.9412905,56919.9571826
56920.5292891,56920.5444282
56920.605249,56920.6211411
56920.7284906,56920.7436297
56920.8710938,56920.8867893
56933.1877847,56933.2004582
56945.6896835,56945.6899148
56945.6915006,56945.6955515
56946.894393,56946.8954466
56947.6164195,56947.6290933
56968.2378438,56968.2387696
56968.2580524,56968.2593251
56968.3178197,56968.3239662
56968.3701472,56968.3710729
56972.9883416,56972.9883566
56973.0014783,56973.0014873
56985.2312583,56985.246397
56985.3036193,56985.319511
56985.4302861,56985.4454247
56985.5027511,56985.5186432
56985.6293023,56985.644441
56985.7079593,56985.7238514
56986.2263394,56986.2414781
56986.2991863,56986.3150784
56987.1548809,56987.1700199
56987.2282489,56987.244141
56987.5598924,56987.5759688
56987.5600311,56987.5759232
56988.2163857,56988.2315244
56988.2898807,56988.3057729
56988.4887812,56988.5048577
56988.48892,56988.5048121
56989.1447998,56989.1599388
56989.2187,56989.2345921
56989.3437468,56989.3588855
56989.4177163,56989.4336084
56989.5433296,56989.5579718
56989.6166053,56989.6326818
56993.0030868,56993.0030984
56993.0159342,56993.0159455
56994.1252861,56994.1259803
56994.1452861,56994.1459803
56994.201987,56994.2079021
56994.2513161,56994.2520103
57002.351177,57002.3575666
57002.4174963,57002.4238858
57002.4870575,57002.4879832
57002.5072657,57002.5085388
57002.5627511,57002.5688973
57002.6151016,57002.6160273
57009.4476364,57009.4603099
57027.567556,57027.5715836
57032.1993373,57032.2034002
57032.2160745,57032.2174632
57032.8730652,57032.8730743
57032.8861671,57032.8861761
57036.7109241,57036.724755
57042.9977641,57043.0129032
57043.0698244,57043.0857162
57043.1967575,57043.2118961
57043.2689214,57043.2848136
57044.1916878,57044.2068269
57044.2643266,57044.2802187
57044.3243152,57044.3394539
57044.3991644,57044.4150565
57044.9218266,57044.9364684
57044.9940604,57045.0101369
57045.1267571,57045.1428336
57045.1268959,57045.142788
57045.9159241,57045.9310628
57045.9893614,57046.0052536
57046.0485397,57046.0636787
57046.1220466,57046.1379384
57046.6931114,57046.6945121
57046.9842689,57047.0003454
57046.9844077,57047.0002995
57047.0431578,57047.0582965
57047.1170696,57047.1329617
57056.9165382,57056.9239224
57059.4585634,57059.466052
57065.0580881,57065.0664913
57066.3301606,57066.3385639
57070.8285866,57070.8363068
57070.9884248,57070.9884361
57071.0012719,57071.0012831
57076.7080197,57076.7218506
57091.1229384,57091.1300224
57096.2702482,57096.2805313
57097.8208095,57097.8278935
57110.4733788,57110.477442
57110.4901158,57110.4915045
57110.9538073,57110.9578702
57110.970544,57110.971933
57112.1868865,57112.1909375
57113.6820132,57113.6872798
57115.0006358,57115.0059028
57118.8998373,57118.9051039
57119.4354854,57119.440752
57120.273298,57120.2785646
57121.2661336,57121.2714002
57122.4577769,57122.4630439
57135.9427199,57135.9498038
57136.5889362,57136.5963667
57138.6426514,57138.6503478
57145.6971536,57145.7046071
57149.3088549,57149.3159389
57150.7026166,57150.7100471
57152.3111927,57152.3181826
57152.9193757,57152.9246423
57153.1696073,57153.170533
57153.227408,57153.2286812
57153.2950123,57153.3011585
57153.3179521,57153.3188782
57153.8466327,57153.8518993
57157.9835886,57157.9912282
57158.480776,57158.4891793
57159.4562275,57159.4647467
57162.3283571,57162.3354411
57163.7165038,57163.725023
57164.0308695,57164.0308845
57164.0440061,57164.0440152
57166.6293523,57166.6334156
57166.6460895,57166.6474782
57169.7614242,57169.7684156
57170.7645502,57170.7652444
57170.8160665,57170.8167607
57170.8883223,57170.8942371
57170.8934969,57170.8941911
57176.5200361,57176.5271889
57179.5600347,57179.5640978
57179.5767724,57179.5781611
57180.1622816,57180.1697474
57181.5635895,57181.5707422
57195.7857075,57195.7927911
57198.575823,57198.582907
57202.2355347,57202.2357082
57202.2909514,57202.2911249
57202.3546193,57202.3586826
57202.3664258,57202.3665993
57220.4034752,57220.4166695
57220.4036941,57220.416901
57220.536033,57220.5492272
57220.5362522,57220.5494588
57220.6685793,57220.6817739
57220.6687985,57220.6820051
57220.8011371,57220.8143317
57220.8013563,57220.8145628
57221.3314034,57221.3445976
57221.3316226,57221.3448291
57221.4639612,57221.4771558
57221.4641803,57221.4773873
57221.5965308,57221.609725
57221.5967496,57221.6099565
57221.7290886,57221.7422828
57221.7293055,57221.7425132
57221.8622715,57221.8754658
57221.8624903,57221.8756973
57222.2593893,57222.2725839
57222.2596085,57222.2728154
57222.3919589,57222.4051532
57222.3921781,57222.4053847
57222.5245286,57222.5377228
57222.524745,57222.5379528
57226.5685445,57226.583475
57226.5687637,57226.5837066
57226.7010908,57226.7160213
57226.70131,57226.7162528
57226.8336489,57226.8485795
57226.8338677,57226.8488106
57227.1001186,57227.1150491
57227.1007544,57227.1156973
57227.2313223,57227.2462528
57227.2315414,57227.2464843
57227.3638804,57227.3788106
57227.3640992,57227.3790421
57227.4964497,57227.5113802
57227.4966689,57227.5116117
57227.6290193,57227.6439498
57227.6292381,57227.644181
57227.7615771,57227.7765076
57227.7617959,57227.7767391
57228.5569241,57228.5718547
57228.5571433,57228.5720862
57228.6894823,57228.7044124
57228.6897011,57228.7046439
57228.8220401,57228.8369706
57228.8222589,57228.8372021
57228.9546093,57228.9695398
57228.9548285,57228.9697714
57229.0871671,57229.102098
57229.0873863,57229.1023291
57229.2197252,57229.2346558
57229.219944,57229.2348873
57241.5336834,57241.5463573
57253.0559063,57253.0634642
57266.4133137,57266.4284527
57266.4900036,57266.5058954
57266.678337,57266.6934757
57266.7550729,57266.770965
57267.4838693,57267.4999457
57267.484008,57267.4999002
57267.6722489,57267.6873879
57267.7490777,57267.7649694
57268.2685685,57268.2837072
57268.3454432,57268.3613354
57268.7986263,57268.8137654
57268.8776307,57268.8935228
57269.3293246,57269.3439728
57269.4055244,57269.4216009
57269.4748533,57269.4748646
57269.4877004,57269.487712
57269.5274689,57269.5426079
57269.6044595,57269.6203513
57270.4550848,57270.4702235
57270.5321099,57270.548002
57270.6538578,57270.6689968
57270.7308947,57270.7467869
57271.6477352,57271.6628742
57271.7248299,57271.740722
57275.1160799,57275.1184065
57275.7091014,57275.7177242
57282.7336966,57282.742319
57286.3729895,57286.3782561
57287.8533599,57287.8586269
57288.6966133,57288.7052357
57291.8280943,57291.8333612
57292.8216362,57292.8269027
57295.652817,57295.6614394
57296.0008258,57296.0060927
57298.2152011,57298.2155483
57298.2705137,57298.2708609
57298.288835,57298.2950972
57298.3322729,57298.3326201
57300.2122148,57300.2194023
57300.6936847,57300.7013939
57302.9590558,57302.9599819
57302.9776325,57302.9789052
57303.0366476,57303.0427942
57303.0943684,57303.0952941
57313.7513128,57313.7585349
57314.4800851,57314.485352
57315.3409184,57315.3461853
57321.233535,57321.2388016
57323.3520187,57323.3572853
57328.3873199,57328.3875223
57328.9841369,57328.9842352
57338.1561169,57338.1561319
57338.6745313,57338.67456
57339.5664176,57339.566626
57340.1178647,57340.1178934
57343.8574017,57343.8574478
57344.0275173,57344.0278993
57350.036302,57350.0422167
57350.2544965,57350.2545311
57355.9735243,57355.9735648
57365.8699139,57365.8701915
57370.3455621,57370.3459033
57372.2019395,57372.2020548
57372.7546476,57372.7547982
57376.9710365,57376.9712622
57381.1074831,57381.1152963
57381.2098906,57381.2100296
57384.471521,57384.47923
57386.0115919,57386.0194052
57388.108595,57388.108624
57388.862379,57388.8701922
57389.0613027,57389.0691156
57391.9791034,57391.9869167
57393.000308,57393.0004122
57397.145886,57397.1536989
57397.3228079,57397.3229181
57398.9341731,57398.9382359
57400.1897061,57400.1897581
57400.3730509,57400.3732825
57402.5540348,57402.5604125
57405.4064887,57405.4065348
57410.6754468,57410.6754759
57428.7969986,57428.7971199
57436.0240934,57436.0242669
57447.1181682,57447.1212354
57448.1931214,57448.2008302
57450.6850425,57450.6928558
57451.6127843,57451.6205962
57453.9825086,57453.9825606
57485.1026482,57485.1028158
57489.2196619,57489.2198991
57491.0065719,57491.0066006
57499.3052759,57499.305305
57511.1579381,57511.1584357
57516.6597204,57516.6598768
57517.656723,57517.6567516
57517.89126,57517.8913465
57517.9325448,57517.9327239
57518.7478107,57518.7479205
57531.3710861,57531.3750449
57534.346006,57534.3471172
57540.0419319,57540.041961
57580.1349651,57580.1349938
57587.2786577,57587.2788197
57595.4978128,57595.4979863
57619.760198,57619.7603367
57630.4673625,57630.4674778
57631.4611703,57631.4612626
57631.996124,57631.9961526
57633.2762858,57633.2763149
57646.0802217,57646.0802851
57653.5508005,57653.5508988
57655.5632194,57655.5633177
57656.9354765,57656.9355574
57659.0024902,57659.0043422
57660.1284857,57660.1325596
57661.793995,57661.7940933
57662.0176291,57662.0177333
57662.1899902,57662.1940644
57668.9347009,57668.9393303
57681.6268776,57681.6283359
57681.7703847,57681.7745511
57685.9482087,57685.9489144
57689.9192273,57689.9206856
57746.9583752,57746.9624261
57804.9483999,57804.9501938
57805.4478095,57805.4520461
57811.092799,57811.094535
